date,sentiment_score
2024-01-10,100.0
2024-01-12,100.0
2024-01-16,0.0
2024-01-20,-100.0
2024-01-22,100.0
2024-01-26,-100.0
2024-01-31,-100.0
2024-02-02,-100.0
2024-02-09,-100.0
2024-02-12,-100.0
2024-02-13,-100.0
2024-02-19,-100.0
2024-02-20,100.0
2024-02-21,0.0
2024-02-23,-100.0
2024-02-25,-100.0
2024-02-27,-100.0
2024-02-28,100.0
2024-03-01,-33.33333333333333
2024-03-02,100.0
2024-03-05,-100.0
2024-03-07,-100.0
2024-03-09,-100.0
2024-03-10,-100.0
2024-03-11,-100.0
2024-03-12,-100.0
2024-03-14,100.0
2024-03-16,100.0
2024-03-19,100.0
2024-03-20,0.0
2024-03-28,100.0
2024-03-29,0.0
2024-03-31,-100.0
2024-04-01,-100.0
2024-04-02,-60.0
2024-04-03,-100.0
2024-04-04,-100.0
2024-04-05,100.0
2024-04-06,100.0
2024-04-07,-100.0
2024-04-09,100.0
2024-04-11,100.0
2024-04-12,-100.0
2024-04-15,-100.0
2024-04-19,-100.0
2024-04-21,0.0
2024-04-22,-100.0
2024-04-23,-100.0
2024-04-24,-100.0
2024-04-25,0.0
2024-04-26,-100.0
2024-04-27,-100.0
2024-04-29,100.0
2024-04-30,-100.0
2024-05-01,0.0
2024-05-02,-100.0
2024-05-03,-100.0
2024-05-06,-100.0
2024-05-07,-100.0
2024-05-08,0.0
2024-05-09,-100.0
2024-05-11,-100.0
2024-05-13,100.0
2024-05-14,-100.0
2024-05-15,-100.0
2024-05-17,-100.0
2024-05-18,0.0
2024-05-19,100.0
2024-05-25,100.0
2024-05-26,33.33333333333333
2024-05-27,-100.0
2024-05-30,-100.0
2024-06-01,-100.0
2024-06-02,-100.0
2024-06-04,-100.0
2024-06-05,-100.0
2024-06-07,33.33333333333333
2024-06-09,-100.0
2024-06-12,-100.0
2024-06-13,0.0
2024-06-14,-100.0
2024-06-17,33.33333333333333
2024-06-19,-100.0
2024-06-23,-100.0
2024-06-25,-100.0
2024-06-27,100.0
2024-06-30,100.0
2024-07-02,100.0
2024-07-03,60.0
2024-07-05,33.33333333333333
2024-07-07,0.0
2024-07-08,100.0
2024-07-09,0.0
2024-07-10,100.0
2024-07-11,0.0
2024-07-12,100.0
2024-07-13,0.0
2024-07-16,100.0
2024-07-17,-100.0
2024-07-20,-100.0
2024-07-23,-100.0
2024-07-24,-50.0
2024-07-25,-100.0
2024-07-26,-33.33333333333333
2024-07-27,100.0
2024-07-28,0.0
2024-07-29,33.33333333333333
2024-07-30,-60.0
2024-07-31,-100.0
2024-08-01,0.0
2024-08-02,20.0
2024-08-04,-100.0
2024-08-05,0.0
2024-08-06,-100.0
2024-08-07,0.0
2024-08-08,-33.33333333333333
2024-08-09,100.0
2024-08-10,-33.33333333333333
2024-08-11,100.0
2024-08-12,-100.0
2024-08-13,0.0
2024-08-14,-100.0
2024-08-17,100.0
2024-08-19,-100.0
2024-08-20,33.33333333333333
2024-08-21,-33.33333333333333
2024-08-22,-33.33333333333333
2024-08-23,100.0
2024-08-24,0.0
2024-08-25,100.0
2024-08-26,100.0
2024-08-27,-33.33333333333333
2024-08-28,100.0
2024-08-29,33.33333333333333
2024-08-30,33.33333333333333
2024-09-01,100.0
2024-09-02,0.0
2024-09-03,100.0
2024-09-04,-50.0
2024-09-05,0.0
2024-09-06,100.0
2024-09-07,100.0
2024-09-08,33.33333333333333
2024-09-09,100.0
2024-09-10,100.0
2024-09-12,-100.0
2024-09-13,-60.0
2024-09-14,-33.33333333333333
2024-09-15,-100.0
2024-09-16,-100.0
2024-09-17,0.0
2024-09-18,-100.0
2024-09-19,-75.0
2024-09-20,-77.77777777777779
2024-09-21,-50.0
2024-09-22,-33.33333333333333
2024-09-23,-77.77777777777779
2024-09-24,-33.33333333333333
2024-09-25,0.0
2024-09-26,-50.0
2024-09-27,-50.0
2024-09-28,-100.0
2024-09-29,-66.66666666666666
2024-09-30,-33.33333333333333
2024-10-01,-75.0
2024-10-02,-38.46153846153847
2024-10-03,-87.5
2024-10-04,-75.0
2024-10-05,-60.0
2024-10-06,-75.0
2024-10-07,-7.6923076923076925
2024-10-08,-100.0
2024-10-09,-50.0
2024-10-10,-100.0
2024-10-11,-17.647058823529413
2024-10-12,-66.66666666666666
2024-10-13,-11.11111111111111
2024-10-14,-11.11111111111111
2024-10-15,-9.090909090909092
2024-10-16,-11.11111111111111
2024-10-17,-14.285714285714285
2024-10-18,-73.33333333333333
2024-10-19,-100.0
2024-10-20,-20.0
2024-10-21,-36.36363636363637
2024-10-22,-57.14285714285714
2024-10-23,0.0
2024-10-24,21.428571428571427
2024-10-25,-33.33333333333333
2024-10-26,-77.77777777777779
2024-10-27,20.0
2024-10-28,-50.0
2024-10-29,-57.89473684210527
2024-10-30,-42.857142857142854
2024-10-31,-71.42857142857143
2024-11-01,-66.66666666666666
2024-11-02,-42.857142857142854
2024-11-03,-14.285714285714285
2024-11-04,-46.666666666666664
2024-11-05,11.11111111111111
2024-11-06,-25.0
2024-11-07,25.0
2024-11-08,55.55555555555556
2024-11-09,-33.33333333333333
2024-11-10,0.0
2024-11-11,11.11111111111111
2024-11-12,-60.0
2024-11-13,-27.27272727272727
2024-11-14,-25.0
2024-11-15,-11.11111111111111
2024-11-16,-70.0
2024-11-17,-45.45454545454545
2024-11-18,-28.57142857142857
2024-11-19,-60.0
2024-11-20,-77.77777777777779
2024-11-21,-22.22222222222222
